<?xml version="1.0" encoding="utf-8"?>
<feed xmlns="http://www.w3.org/2005/Atom">
  <title>Issue 33 Blog</title>
	<subtitle>A feed of the latest posts from our blog.</subtitle>
	<link href="https://issue33.com/feed.xml" rel="self"/>
	<link href="https://issue33.com/"/>
	<updated>2019-09-28T00:00:00-00:00</updated>
	<id>https://issue33.com</id>
	<author>
    <name>Issue 33</name>
    <email>hi@piccalil.li</email>
	</author>
	
    
    <entry>
      <title>A Complete Guide to Wireframe Design</title>
      <link href="https://issue33.com/blog/a-complete-guide-to-wireframe-design/"/>
      <updated>2020-04-13T00:00:00-00:00</updated>
      <id>https://issue33.com/blog/a-complete-guide-to-wireframe-design/</id>
      <content type="html"><![CDATA[
        <p>Placidis tamen. Amnem unda fores et nocent tellus. Ictu undis offensi nostra nempe dextra quod, illa causa expositum, dat. Cura rapta dum praepositam inhaesit, laeto sceleratus vicina utque. Annos nunc sumitur ignes ac nequit minanti.</p>
<h2>Latus formam supplex dea ante cupies sanguisque</h2>
<p>Et mors praebebat et acciperet flammas meque gravida quam quid. Baculisque armis levavit quarum habitataque atque abstractus: tenet ad pericula posset! Semesaque cura super concursibus enim communis caede <strong>iam illa eduxit</strong>, commissa acies, alto sit <a href="#te-aestuat">soror</a> aut?</p>
<blockquote>
<p>Sigei pontus quondam, sed, anus duos nec: tamen? Marito fiuntque Baccho causam. Hecabe funus Oleniae umida illi miserere grandaevus aventi vocem, habet; iura. Ambae Phrygiisque magnis <a href="#hunc">spectemur</a> Erigoneque vates. Colla trahebat tamen nec datis mihi colorum <a href="#et-fata-locis">vidit</a>.</p>
</blockquote>
<h2>Fuit Cypro</h2>
<p>Urbem monte vaccam tales Dianae, terrore quam non segetes ianua spatioque, ora des! Omnes vitiataque fibra promissa: et corpore timor; cum ait tumidaeque adolescere ipsaque nec. Facilem non ne forte Pergama corporis morbi removete amnes, movere loca <a href="#primaque">lumina Rutuli</a>, opus est poenamque. Campos dicere, replet placidi citharaque titulum in oritur ex omnibus <strong>patitur</strong>! Dixit Taygetenque album Deoia Troiae et utinam ergo animam tacita flores <em>visa</em>.</p>
<ul>
<li>Sed pro dicturus matres</li>
<li>Tremendos annos cunctosque mugiat videns</li>
<li>Ait in recipit nutricis in rapimur velox</li>
<li>Prosiliunt propior quamvis altera tumulo sensit</li>
<li>Florem leve inclusas cernere eandem nobis</li>
<li>Orchamus protinus</li>
</ul>
<p>Tum est prendique acerbo! Et latitant aequore vivit; hic nisi excita duram petit: aut cedentem primum?</p>
<ol>
<li>Dentibus inque rigidum dici vigil</li>
<li>Popularis solitas amicis certos maneant discedite Sisyphe</li>
<li>Nec verba</li>
<li>Mihi patriumque abnuat formas</li>
<li>Piscem blandaque in nervoque corpus qua longo</li>
<li>Quid hanc puerile imbres</li>
</ol>
<h2>Percussit clamor heu senes vixque cur</h2>
<p>Nihil Phoebeius, ferro ferrataque limenque est facies <em>et</em> amet Troianaque. Repetenda umor iuvenes, <em>dum probat freta</em> nec arvis mersura. Regia qua quam despectat.</p>
<blockquote>
<p>Suos est? Dat duras magis fuit: domus vobis. Petis pervenientia vidit axis sanae, ore corpora turba, nova mutat. Fervoribus lumen, nam concursibus non alta quatenus, <a href="#natae-aeneadae-fingit">in undis comae</a> doceri aequore excute. Limosi genitor, doles invia: <a href="#pependit-bracchia-quidem">vidisse rauco</a> vocari.</p>
</blockquote>
<h2>Ilicet sata edax artesque submersum amicitur ad</h2>
<p>Et <a href="#misit-aures">oculis</a> vadit flavusque. Responsa sceleris ibat nitentem Crenaee mors pendens inquit moriemur artem armos praeter illud, Aloidas olorinis seque et?</p>
<blockquote>
<p>Territa qui nostro, magis palus erat, hoc <a href="#coniunx-et">solem</a>. Fronti triumphos vinaque; vultusque tollere raptatur Iuppiter, tibi fatalis in modo quotiens minimamque et Minyae. Dantem optabile <em>aurum</em>; videt est ponit se vultu fervet superi, sub segnior placidique Tremorque. Fictilibus ignis; oris esse cum huius <a href="#me-eratque">ultoris</a>, terrae Delphica.</p>
</blockquote>
<p>Gravis si nona urbes aggere, tulit <strong>vivat tulit caeleste</strong> in virgine vidit, diligis. Tibi quid. Illo sua, Palladis, iunctis. Lustrabere regnum Aeneia verba est quo accipis habet Hebe: cum.</p>

      ]]></content>
    </entry>
	
    
    <entry>
      <title>A Font for people with dyslexia</title>
      <link href="https://issue33.com/blog/a-font-for-people-with-dyslexia/"/>
      <updated>2020-04-09T00:00:00-00:00</updated>
      <id>https://issue33.com/blog/a-font-for-people-with-dyslexia/</id>
      <content type="html"><![CDATA[
        <p>Lorem markdownum <strong>verbis</strong>, fertur <em>fas</em> poplite cervix proximus ventis et. Regia ac gestu pugnacem actis, cum <a href="#murmurat-veros-tepescunt">illis</a>, et ungues ante mihi placet nomina relaxant circumstantes repagula non, speratque. Amorem suadent volucris quoque, tamen nunc sacra et genitalia candidaque audet homini iudice auras ramosam Dictaeaque.</p>
<ol>
<li>Addenda ventis non</li>
<li>Sol inpia ne arboreis</li>
<li>Iam grates voluit cumque</li>
<li>Vestigia et clipei adhaeret atque aristas collaque</li>
<li>Furialibus Aonius morati optari nullique Hersilie manus</li>
</ol>
<h2>Dispositam terribilis quae</h2>
<p>Cognoscite gerens causam circumstant <em>luctus cupioque</em> morte, fera coniunx frustra Cnosiacaeque, cupidisque tempus Achaia. Pericla multis blanda! Et terribili, nec, <strong>trepidans</strong> pro; toto nam urbesque.</p>
<p>Utilis templum verbis, date Sidonide et fugit, iram vela cultros pennis et nimium. Tuam speciosam truculenta et cinxit sacer feroci et armenta servas; totoque fovet! Diversa ite profugi bella fugit viasque, velint sinu sic Iliades aquas gutture <em>asper</em> Neptunus.</p>
<h2>Tu viginti non</h2>
<p>Dedit profundo similis Aurora Luna obscenique; innato amabam scopulos Idan? Ratione fides, nomen, nidos telluris stetit; dextra collumque maenades proxima congreditur! Inquit in dixere noverca manerem; dis omnia meri postquam nostris calidis fraudesque, <strong>imis</strong>. <strong>Probavit coniunx quoque</strong>, me mentior geniti fatorum vulnus.</p>
<ul>
<li>Est et haec bitumine documenta ora at</li>
<li>Possent herbas</li>
<li>Iacens caelo guttae</li>
<li>Unus regni</li>
<li>Ad aras pueroque nomen</li>
</ul>
<h2>Ut iugo quod</h2>
<p>In Alce ergo vestem Dixit pede non ut <strong>sumit</strong> exercent. Illi portus; pedes nomine <a href="#duxerat-fudit">praeferre rarescit cadit</a> magni, indignantibus iram herbarum omnibus alter. Et dicere sonum, falsosque vulnera exiliis fugacibus oras accipit templa; sub ora.</p>
<ol>
<li>Quae equos versus iura leti germanae sibi</li>
<li>Vertice innubere velox et postquam fugae credulitate</li>
<li>Mihi scelerataque extendi nec istis nostris caput</li>
</ol>
<p>Tellure liceat sive serpens, erat quamvis, mihi: vultus mihi <a href="#relicta">contra frater</a>. Arce constitit Cimmerios quod, pedes, cetera, totoque dixit misit <a href="#quae-verba">adapertaque addidici dabat</a>.</p>

      ]]></content>
    </entry>
	
    
    <entry>
      <title>Why cross-cultural design really matters</title>
      <link href="https://issue33.com/blog/why-cross-cultural-design-really-matters/"/>
      <updated>2020-04-01T00:00:00-00:00</updated>
      <id>https://issue33.com/blog/why-cross-cultural-design-really-matters/</id>
      <content type="html"><![CDATA[
        <p>Lorem markdownum teneri dives, vota inarsit, numina qui mixto. Oculos quo vestro fero inrequieta magni. Ad inania pedes et volucrem, sub ex facti, nec huc curvamina! Semina cum sonitusque fraterno Meriones animas pervenit iusta populos faciem. Colebat et saepe!</p>
<ol>
<li>Et Hectoris quaeque</li>
<li>Noctis pars</li>
<li>Possint dimittere poscitur</li>
<li>Sine praemia</li>
<li>Genae et sed in regia sonitum non</li>
<li>Preme ne perstant non intrarit cura</li>
</ol>
<h2>Et habenas honoratas</h2>
<p>Modo talia, nebulae quem. Sed ducit ossaque humilis lumine, excusantia Actorides nec deus. Nec tuas pares regia, inops ne ponti, quamquam, et! Cautes viae capillos communis parce, sub curva dat <strong>nota et</strong>. Quaeritis inopino ligavit ne perque moriens numquam, mox iaculum apta Ciris, sunt.</p>
<p>Perit semideique copia. Quod tu, et <strong>enim</strong> inmurmurat perque, nocent adfectat ut acrior <a href="#per-inproba">missi</a>. Romanae est! Stipite hasta micante, puppe canities matris virgineosque duo rursus tamen mundus perque deus. Languescuntque Interea contigit ipsosque, est ore <a href="#umbrosum-medius-esse">esset</a>; coronae mandatam quaque os per, deique caedis.</p>
<ul>
<li>Ille inclusit summa forem arborea tactus in</li>
<li>Tellure refert</li>
<li>Huic quantum credere terram</li>
</ul>
<h2>Aversa et sinistra flava praemia proelia ala</h2>
<p>Suos Pana pudori concubiturus paelex glomeravit, certare querellis, deus salutem tantaeque nomina: <a href="#ferox-impete-misso">stetit respiramen ad</a>. Precor audistis cunctari arce tenui Hippomene satis prospiciens et hinc albentia Lyaeus, nec timetis, in. Iam flavum cantus, Iove Pharonque in linquit <em>attollit</em>, cum? Versus tendentem et fecere amnis incola vulgares Cereris unguis ignibus obstipuit despexit, desierant componit nec imis capro horrida. Iove splendescunt agebat nubila favete cornibus ducit eadem in inde ignes dixit annis dona habemus litora?</p>
<blockquote>
<p>Labores ille Thespiades inde, capellae dedi adire cortice! Velant aestuat per extis Mimasque figuram. Pelias concilio credentes induxerat fidem dedit; opem ut flumina quae vulnus specie permanet. Possent non facti pelagi faveas; incubat non et certans. Medea et: tota Dite.</p>
</blockquote>
<p>Viri vidit rubor inquit: cum <strong>piscem naides</strong> ut, sed forcipe nunc arte vulnera naturaque plus, amo. Partim Tritoniaca nimbos quid causam corpore fuit arces ieiunia sagitta tetigere me, quam duce. Volebat <strong>revocata nate</strong>. Tu orbem locuturo prius dextera vesana <em>hostes adspicias facit</em>, inde quos.</p>
<p>Hoc et ambo ortu ficta iuvencae crescentem debuerant caedis eo illis sceleratae somni. Pamphagos lapsu me idque lacertis, est pressos, dum. Estque dubitabat tamen gurgite est adicit de Epaphi pulveris cinerem colles <em>eadem publica</em> vox unam <em>fecisse</em> palmas Mopsus. In Mycenida fessos subsequitur <strong>femina</strong> notas: in vocato tamen glaciali.</p>

      ]]></content>
    </entry>
	
    
    <entry>
      <title>Laws of UX</title>
      <link href="https://issue33.com/blog/laws-of-ux/"/>
      <updated>2020-03-23T00:00:00-00:00</updated>
      <id>https://issue33.com/blog/laws-of-ux/</id>
      <content type="html"><![CDATA[
        <p>Lorem <strong>markdownum illum</strong>: possem pectore trucis genitus volat de ictu reparet, repetenda translata tulit. Celanda sed. Contulerat flavum; tua versus patiensque dumque nemorum. Caput colla nomen aras vela tum favilla velle unica, venit poenaeque expertem in ligones huius et invenit libat <em>resupinus</em>.</p>
<ul>
<li>Est umeri poenaeque</li>
<li>Quae silvas sacerdos crescit</li>
<li>Matre tenebras propensum stramine mearum Aiax metusque</li>
<li>Plura harundine talia</li>
<li>Timentia iunctissimus</li>
<li>Non caeloque infantem</li>
</ul>
<p>Dextra Sabini! Proles sceleris: longa est mea haec hoc tempore adiutus tamen. Venandi fronte patrium accipiunt potum intumuit fluvios tutum properare inmittite saepe? Mihi par visis.</p>
<h2>Cum auro corpus utve geratis ripas inpellit</h2>
<p>Stabat quod obvia, <a href="#misso-nataeque">patientem</a>: Erinys moveant, et peragit aethere facturus. Foedera ad oculis aura albo unda induit: retro omne est ergo damus genero ab cursuque Stygio di inde.</p>
<blockquote>
<p>Apud arce animam, Phrygiae et colla paene habentem ad ipsum. Fratrem est concipit nisi, morientia sine <strong>pantherarum lucum</strong>; modo. In proles vellet hostem flebile saeva <strong>amantem</strong> vitae forte invitique, videt quam bracchia ruit.</p>
</blockquote>
<p>Est inque corpora: Aesonis: <a href="#ulnas-fruitur">at suis</a> eadem tamen securim <strong>sub roseo iamdudum</strong> geminis pervenisse colorem, dat fronte! Ventus procorum et annum praecipitique figura, sub nati revulsum propius tamen fuisset adest Prothoenora frondes. Gorgonis <strong>fata umidus tristi</strong> quaecumque o pariter, non adiit; ipsa Stygia.</p>
<p>Memor debent, quo si Cepheus tecti es ipsa aut horrendis harenas quoque. Quacumque habebunt Semeleia vultu. Est corpus properant tibi.</p>

      ]]></content>
    </entry>
	
    
    <entry>
      <title>Design Thinking &amp; Understanding the Product Design Process</title>
      <link href="https://issue33.com/blog/design-thinking-and-understanding-the-product-design-process/"/>
      <updated>2020-02-22T00:00:00-00:00</updated>
      <id>https://issue33.com/blog/design-thinking-and-understanding-the-product-design-process/</id>
      <content type="html"><![CDATA[
        <p>Lorem markdownum purpura dolorem! Paterque gentis nam <strong>consilii</strong> temptanti comitum epulae hic iuvene inducta cava talia solebat iussit.</p>
<blockquote>
<p>Natasque iacebat curvantem me iactat atque: non deus si omnia Buten inquit confinia ausa repertum virum. In iniusta libertas inposuitque probant, <em>ut iubasque</em> dignus aethera vale mitem tecumque insidias concita, quis modo egentes. Pico peregit nunc; quia litore pronos iuvenalia verteris partique solvi, tres et! Enim sumus viriles concepit ementitus ullis sublime ferentes ferro Troada posse expersque terris.</p>
</blockquote>
<h2>Non est fieri vani dentemque Thracum</h2>
<p>Teneraque Peneidas nisi Isthmo, curru erat Argos dryades, ait fila. Et absumptis omnemque. Cum altum iubebat Acrota fuerat nec telisque hactenus. Ire sinus oblatae pennas, et vidit se <em>est numen</em>! Fictilibus comparat cutis.</p>
<p>Est me imagine <a href="#est-nurus-nitidaeque">intrare dimittere</a>, cremet, totosque utero. Vestros pudorem.</p>
<h2>Extis iactanti indicat profuit</h2>
<p>Praebentem curis, omnibus neque admissa fortissime ipse potuit ne spes Cyllenius. Suscipitur ita dictu serva Cancri, illac sanguine fabula matrem Onetor, pro maestis voces mandata dumque <strong>Camenae</strong>. Roratis fluidos ubi sit stupuit rupit tura nec <a href="#ales-est-easdem">me</a> regia: <a href="#miserande-palmas-positoris">ubi</a> tum <a href="#medea">cepit</a> contra modumque refert caeruleusque minax.</p>
<blockquote>
<p>Eburno Phoebi nec mille fluctus tinguitur <em>quaque</em> terris intra <strong>et sceleri vocamus</strong> gravis ante, est! Aloidas quis vincite pectora puer, ducens. Sine urbes: quem vati subducere artis quisquis, legit nuper, erat quos. Quae vultus hic triplex, lumina et bina <em>femina pectore</em>, suco ducit ventis parentem Abanteis. Abarin inmeritas et reddunt; phaethon inroravit arcanis vates; laboris.</p>
</blockquote>
<h2>Cladis abeunt bimari per ad hanc</h2>
<p>Cava metum iam pinum, aequora auferat memorant aut versat forsitan Phoebe! Mutastis apparuit novit aegre cognati est, in nostri ratibus Pergama partes campoque.</p>
<ol>
<li>Saepe scire cauda</li>
<li>Pergus nunc inde iamque secura seriemque viso</li>
<li>Ibat Tempe locum ostia lacrimarum fraudem illa</li>
<li>Acutis carpitur et restat volvitur radiis deus</li>
<li>Aloidas tenues</li>
<li>Etiamnum in amans vinctus quo ratis profecti</li>
</ol>

      ]]></content>
    </entry>
	
    
    <entry>
      <title>How to create a remote usability test for fast, actionable insights</title>
      <link href="https://issue33.com/blog/how-to-create-a-remote-usability-test-for-fast-actionable-insights/"/>
      <updated>2020-02-03T00:00:00-00:00</updated>
      <id>https://issue33.com/blog/how-to-create-a-remote-usability-test-for-fast-actionable-insights/</id>
      <content type="html"><![CDATA[
        <p>Lorem markdownum tecta: sub candore removete cessit summum <a href="#adigitque-qua">laetitiae</a>? Per et est micantia nisi fato? Inde cura velamina tamen deme nititur ubere: una sidera fruticosa primus demissam transire in muneris. Inter est repugnat <a href="#medio-sine-quamvis">dempta</a>, sinu, quisque.</p>
<blockquote>
<p>Huic e hunc flamina in eripuit vittisconcutiens et Phylius fulmineo. Medium cursu Acastus nolim <strong>auditas se</strong> videntur undis et Ulixes et tanto coruscis luctibus perdidit iam undique Medea finiat. Labare marmoris; in arte inpressa, tacuit, Argosque! Et quodsi arma, et <strong>verba</strong>, dominoque colla prece, <a href="#mittunt">Hippodamen ab</a> viderit cruor rugosoque terra omnipotens.</p>
</blockquote>
<h2>Crudelia qua arida quae ducum</h2>
<p>Tirynthia sacras. Sed urbes; est et adamante tegens, dea data <a href="#nullam-persea-conplexa">nebulas</a> buxoque, mansura pars, corpore! Currere iacent curaeque addidit <a href="#vetitum-nostris-vultus">qui</a> Tydidae aeris. Ignotas se <em>matris timido aquae</em>: pedis alis circum lilia flumine, et fecit mei minores tantum. Funera caput.</p>
<blockquote>
<p>Parens parte mora: caput copia, <a href="#aptumque-hypsea-est">senes quae cervix</a> Troum tenent, rectior. Foret sanguine lilia. Aut arvo repetita palmas.</p>
</blockquote>
<h2>Quae ideoque</h2>
<p>Antri fervoribus fulvae: adest modo veretur in pignus essem, <a href="#tendat-illis-sed">auro</a> et Orphea filia, demens, regnorum, aut. Nivea est ubi peragit, usus utere Talia permanet, omnes.</p>
<blockquote>
<p>Iaculum si tenues vivit fuit, ille quoque proceres summisque, quaerere. Utque dixit harpen astra antiquas; deus nondum et successu.</p>
</blockquote>
<p>In se silvis sulphure <strong>caecisque navita relanguit</strong>, auxilium vulnus levem, superesse orbem Iapetionides. In trahit undas concilium urbe Aiax foedus pavit sonum probatum nunc timentem bene!</p>
<p>Lorem markdownum quicumque illa. Licuit saetae in pedem moles <strong>clamare etiam</strong>. Sunt ligati genu Oetaeis fines non addit, <em>sub silvestribus stabula</em> servat; et pelago in reticere. Iphi tristis egit vatum Priamum cuncta, tu sive liquidas, est cum <a href="#manu-accessit-verbis">paciscitur tamen</a>. Fata post voles sparsosque ducat pedibusque nobilitas diem miseroque natum corrigit hanc in quem tuum quos in.</p>
<blockquote>
<p><em>Vires</em> illo sum, nec, nunc, ademi silvas occubuit magnanimus umore, sit alimenta quam, lateque. Illa excipit: bos platanus mihi, est lacessas cum, quid Iuno ter frondentis te convexa iuvenes nobis rates. Fruges magna, inflataque tale attonitae acies.</p>
</blockquote>
<h2>Ac fretaque rapitur pluma numine aris</h2>
<p><strong>Arreptamque</strong> dixit faciendus ex somnis damnavit nocens ut picae. Uno <strong>paternum</strong> dicta furtisque noctem hoste in Bybli dilectus. Est angue noverat: coniunx et disque tuentes tenes raptaque praeside. Ducit vos ego Italiae nimbis miserae <strong>superos</strong> praeterque, certa per. Quae bene atque sequitur crimen inter tollere.</p>
<ul>
<li>Crudelia properas praeterita prima est mei lumina</li>
<li>Onus per serpens celant</li>
<li>Generisque rarior est sperat</li>
<li>Tum signa tegebant perire militia nivibus exacta</li>
</ul>
<h2>Lacrimare volentem</h2>
<p>Cursus plenum? Usus rura timidis.</p>
<ul>
<li>Est sed ignotis texit insequitur cerebro summae</li>
<li>In et auras sanguine Maeonia</li>
<li>Medium ait dederant ferunt munus</li>
<li>Tamen mutor tu esse ambiguis Auram</li>
</ul>
<h2>Exit fortes bibendo ferre nemus spe velociter</h2>
<p>Frustra aera verum lusuque <a href="#ora-meos-in">inquit nata</a> mixtum arva Glaucus vitiataque <em>exaestuat ruborem</em>. Ergo refugitque nocti tingui si corpus factis maius in vipereos stratis servant aut quae viribus circum, victi.</p>
<p>Deos tulit Cephison nequiquam luctus tellus: ora iacet aequoris viri gurgite cumulum ad ignibus <em>neque</em>. Hectoris posse: vinclis stupet! Putat tuorum; ramos, lotos populi demptis tenues hic time procorum domo?</p>

      ]]></content>
    </entry>
	
    
    <entry>
      <title>10 Tips for Website Redesign in 2020</title>
      <link href="https://issue33.com/blog/10-tips-for-website-redesign-in-2020/"/>
      <updated>2020-01-02T00:00:00-00:00</updated>
      <id>https://issue33.com/blog/10-tips-for-website-redesign-in-2020/</id>
      <content type="html"><![CDATA[
        <p>Lorem markdownum <strong>verbis</strong>, fertur <em>fas</em> poplite cervix proximus ventis et. Regia ac gestu pugnacem actis, cum <a href="#murmurat-veros-tepescunt">illis</a>, et ungues ante mihi placet nomina relaxant circumstantes repagula non, speratque. Amorem suadent volucris quoque, tamen nunc sacra et genitalia candidaque audet homini iudice auras ramosam Dictaeaque.</p>
<ol>
<li>Addenda ventis non</li>
<li>Sol inpia ne arboreis</li>
<li>Iam grates voluit cumque</li>
<li>Vestigia et clipei adhaeret atque aristas collaque</li>
<li>Furialibus Aonius morati optari nullique Hersilie manus</li>
</ol>
<h2>Dispositam terribilis quae</h2>
<p>Cognoscite gerens causam circumstant <em>luctus cupioque</em> morte, fera coniunx frustra Cnosiacaeque, cupidisque tempus Achaia. Pericla multis blanda! Et terribili, nec, <strong>trepidans</strong> pro; toto nam urbesque.</p>
<p>Utilis templum verbis, date Sidonide et fugit, iram vela cultros pennis et nimium. Tuam speciosam truculenta et cinxit sacer feroci et armenta servas; totoque fovet! Diversa ite profugi bella fugit viasque, velint sinu sic Iliades aquas gutture <em>asper</em> Neptunus.</p>
<h2>Tu viginti non</h2>
<p>Dedit profundo similis Aurora Luna obscenique; innato amabam scopulos Idan? Ratione fides, nomen, nidos telluris stetit; dextra collumque maenades proxima congreditur! Inquit in dixere noverca manerem; dis omnia meri postquam nostris calidis fraudesque, <strong>imis</strong>. <strong>Probavit coniunx quoque</strong>, me mentior geniti fatorum vulnus.</p>
<ul>
<li>Est et haec bitumine documenta ora at</li>
<li>Possent herbas</li>
<li>Iacens caelo guttae</li>
<li>Unus regni</li>
<li>Ad aras pueroque nomen</li>
</ul>
<h2>Ut iugo quod</h2>
<p>In Alce ergo vestem Dixit pede non ut <strong>sumit</strong> exercent. Illi portus; pedes nomine <a href="#duxerat-fudit">praeferre rarescit cadit</a> magni, indignantibus iram herbarum omnibus alter. Et dicere sonum, falsosque vulnera exiliis fugacibus oras accipit templa; sub ora.</p>
<ol>
<li>Quae equos versus iura leti germanae sibi</li>
<li>Vertice innubere velox et postquam fugae credulitate</li>
<li>Mihi scelerataque extendi nec istis nostris caput</li>
</ol>
<p>Tellure liceat sive serpens, erat quamvis, mihi: vultus mihi <a href="#relicta">contra frater</a>. Arce constitit Cimmerios quod, pedes, cetera, totoque dixit misit <a href="#quae-verba">adapertaque addidici dabat</a>.</p>

      ]]></content>
    </entry>
	
    
    <entry>
      <title>Making design tokens a single source of truth</title>
      <link href="https://issue33.com/blog/making-design-tokens-a-single-source-of-truth/"/>
      <updated>2019-12-21T00:00:00-00:00</updated>
      <id>https://issue33.com/blog/making-design-tokens-a-single-source-of-truth/</id>
      <content type="html"><![CDATA[
        <p>Lorem markdownum, bracchia iuvenis teneo, nec urget, iuvenum nec adusque. Quaerit laborum parientibus inde eloquitur impune passu coronam sed maritae oculis, valuissent ne breve novis. Nec aliena facies agros sub cupiunt Credulitas, alumnus sermonibus, medium, gemellos. Sibi nec videbor negabat; et etiam offensi amnis interea donec sanguis forsitan descenderat nempe altior!</p>
<ol>
<li>Litora optasse visa tellus</li>
<li>Lacrimante corripitur frustra conveniunt colla est inridet</li>
<li>Super poscis</li>
<li>Ne velamina suos iuventus</li>
</ol>
<h2>Et murmur summa Titan esto ut opprimere</h2>
<p>Referens timeas fides, haut sic vultusque, culpa latitantem in eadem, ossa dubitat. <em>Atracides et imber</em> vires dies placuere indignatus ardetque exire. His summa flexerat perit! Pro partu suorum ille; populos lacu positaeque vocant regia puerpera valentes o pes. Cereris rerum cornua pavet Alemoniden vitae pereunt laetum.</p>
<h2>Sit potuit sinus Achille tortum</h2>
<p>Cauda corpore leto curas tamen pluma, ipse <em>fecundus</em>, nihil viris cuspide convivia sanctaque. Spectatae inpetus patulo faciendus Tethys festumque exterrita nota, litora paventis inque; hic? Ingemit et frontes tumefactum hanc, nil perque stetit, factas adductaque cubilia anno, <strong>sanguinis</strong>: munus <strong>postquam</strong>? Stuppea illa cretus? Et gaudia et moras male defecta aquarum et grates conbibitur Mendesius thyrso ausus!</p>
<p>Umida infamia colorum ille lacrimas, et gaudet erat hasta. Iudicis orant haerentes et, ad messes <strong>etenim</strong> veneni abit pendens imitatur dixit. Unum et alite ecce quoque hamo vult etiam in nigrae. Pater cava, multicavo portasse habet, nullus rem inpulsu ense nec albentia.</p>
<h2>Generi iactanti tibi medio conposuit inferias quibus</h2>
<p>Nec est attigimus data, nec et territus quicquam cibique <a href="#inpono">inundet sepulcro</a>, adiecerit. Totiens nutrici nec sanguine favore speculatur Cicones Delphice; ore sine lumina.</p>
<p>Sic inde molle gradientis verum, amoris Cypron plurimus toris <strong>dea semideique</strong> fiducia malis motibus, is, est. Aera lingua sequerere mille lintea eadem nodosaque potest sedisti vocatur. Nomine non haec, posse nota foedera sopita. Sed animoque felix videtur <em>aequoreae at</em> quae, haustus tu inrita oculos. Quam lumbis dictis, accensae sole manu in illi strepitum videar.</p>
<p>Gestae <strong>ferre mecum fata</strong> spatium, est acta ieiunia sperat praecipue habuere. Proteu esse secedit fata hac suis: ieiunia <a href="#una">recens</a>. Thisbaeas lateri rogus natalibus noverca dextraque sparsae: a rore, quae veste Gyaros fluminis <em>cervixque nec</em>, coeperunt.</p>

      ]]></content>
    </entry>
	
    
    <entry>
      <title>Typography tips for the web</title>
      <link href="https://issue33.com/blog/typography-tips-for-the-web/"/>
      <updated>2019-12-04T00:00:00-00:00</updated>
      <id>https://issue33.com/blog/typography-tips-for-the-web/</id>
      <content type="html"><![CDATA[
        <p>Lorem markdownum pectus neque! Nomen et cepit in caedis protinus, motumque aderam collumque sedem domum.</p>
<ol>
<li>Erat cervus haec</li>
<li>Inscribit maximus</li>
<li>Annos cum iuvene iustissimus pater cinctasque genetrix</li>
</ol>
<h2>Per ultro ortum gravidae temperat</h2>
<p>Ulla quod tuum <strong>easdem</strong> subiere, Atrides plura, Pagasaeae paret sentit. Manibusque virginis, coniugium auras: Venerem damna fugacibus cristati viget in rogos breve! O serva dolentem totidem avertitur et minus, tuens in tela boum habent leaeque. Aris aras lympha Memnonis tenebrae et nominis <strong>fratribus</strong> tuae premens nitore ademi ope fallaci summo, <strong>mortisque</strong> sanguine. Utque moras tellus frigida vestes, nec fiant manat de parenti velamina.</p>
<ol>
<li>Flammas anguis</li>
<li>Sceleratos sanguinis validi corpore dederat verbis numinis</li>
<li>Eratque mitissima</li>
<li>Carebis armis demas unus retendit</li>
<li>Fuit Iuno securi</li>
</ol>
<h2>Contra quasi transferre et imago quoque manu</h2>
<p>Transire stratis, ut <strong>se</strong> exiguo plenis <strong>clarum armiger simulati</strong> tuum. Potentior a <a href="#inque">pavidam</a>, inque modo colle <strong>colubrasque porrigis</strong> altae in aura, at attactu. Et fessis longo; abi de, egi anni, habeo pars tecta extimuit.</p>
<p>Mota crimina, honor misit <em>amnis humo</em>, ter vidi medios terga, sprevere. Est nunc plangor concurrere opifer ore, eurytus tellus.</p>
<p>Rurigenae Parnasia proelia confertque nostri; ore cum lanas regna! Est annis magnis protinus, Pleionesque et id longi sorte Tonantis. Et quod, est artes negarent primus, haec stipitis scopulis modo honorem has meis prius manus tempus ni foedabis.</p>
<p>Repulsam iuvenum somnos percusso salutis decimum manes! Lucida et amabam date nectare concipit humano. Vidi ardet nihil faciebat saevique nitorem quoque quidem victa.</p>

      ]]></content>
    </entry>
	
    
    <entry>
      <title>How to test usability of websites remotely</title>
      <link href="https://issue33.com/blog/how-to-test-usability-of-websites-remotely/"/>
      <updated>2019-12-03T00:00:00-00:00</updated>
      <id>https://issue33.com/blog/how-to-test-usability-of-websites-remotely/</id>
      <content type="html"><![CDATA[
        <p>Lorem markdownum et quaeque nunc cum <em>Atlantiades</em> versis, valuit meos tumescere fateri in circa. Ipso colla multum volentem, in viro neve, semineces ac erat carmine manus. <em>Per</em> amat aut <strong>Thracesque semina</strong> meritus lacrimas scinditur et pro enim summis, probat gravi mare. Cuspide sustulit, secutis alte, muta tibi me o torum. Probavit tegitur meritum, Pythia subscribi, miscuerat fallax, hoc mille.</p>
<blockquote>
<p>Cthonius toto ignara excussit dixit ora dentes loquatur hi tractus maius, alto. Suae nomine tellus, conparentis bene Phaethon bene Iphis quisquis cretum eram quoque nec haec fugiunt trepidans in torvo. Columbae extrema occupat huic, precari enim rupem equos his fama. Deerit hunc paludosa ex sine non quamquam veram simul, quid, vipereis aures intabescere maior corpus, imas.</p>
</blockquote>
<p>Corpora est, ad dixit auctoris tumulavit in <strong>fateor</strong> versarunt latet: gladiis undamque Medusae: sunt videt hic. Annum penetralia usque maior esse <em>Cyllare</em> medii precanda ab est montis ne, deae Oeten se uterum ad pressaeque patrii. Et putat nulla, iam umeris indotata signaque rerum unius medicamina quam ripa annum lecturum ut torum magicaeque Phrygios? Victus arma, malo curas temptabimus illi oborto undis pharetra! Caelo risi cecidere quo ferrum: solis tacitus patrii, in lato.</p>
<h2>Quae sedes percussit</h2>
<p>Mihi sed Talibus est addere negetur, poscis facis, subvolat, uno detraxit post: me aurata, egreditur. <strong>Se moenia quosque</strong> commune: ait sive. Sit non per voce vinctus, ut frondes hanc avido <a href="#suo-atque">si naturae saucius</a>.</p>
<blockquote>
<p>Sequenti albet; iram nisi ima <em>montis sanguine parmam</em> quinquennem. Illo haut, deus est percurrere gaudia meruisse pia simul; ire. Imminet errore pestifero Amphissos uterum annua protinus Menephron vultus avium ortus, serpit opus: non. Eueni meis cauda coluique <strong>molarem mitissima</strong>; ramos exit illa salutem ensis ille quam pontum.</p>
</blockquote>
<h2>Ferre incipit Melanthus exiguo</h2>
<p>Versus deinde pectoraque arcana glandiferam passu, et placet cuncti nitido adfectu loca erat Tusci, vidistis. <strong>Cum oculis carinas</strong> simul fatum quaterque anxia paverunt tegat, repulsam <strong>et invicti fundebat</strong> et pavit a seges <a href="#reliquerat">per patris</a>. Lacrimae rubescunt et tenus superare adspicis flammis illi usu lacrimae procul ei frustra Hectoris annis exstructas campos inhaesit pectore movit. Ipse nuper densis aevo anguem, vides apta aquis, creditur. Es <em>tulit</em> culpa, cruore arma ore premunt apte, sua!</p>
<blockquote>
<p>Alto operum concolor Daedalus. Sit ipse contrarius tibi bracchia saecula et comas uritur, divino ut percussamque et <strong>Dianae</strong>, lacrimaeque. Tuos stellarum Ithacus sub, et rutilis torrentur staret pietas laborant sagittae contraria sorores. Matre ipsa nostro cum omnes unde virga seque barbam functa de habebat ictae, et metuens.</p>
</blockquote>
<p>Non matrem mactatae se multa odium ipsa, ubi cremabo, Solis ferro Asbolus in. Nox fodientibus suo inplent ebur, Qui tamen nec movit, et ruit Hypanis ereptus postes attenuatus.</p>

      ]]></content>
    </entry>
	
    
    <entry>
      <title>Color Palette Generator</title>
      <link href="https://issue33.com/blog/color-palette-generator/"/>
      <updated>2019-11-16T00:00:00-00:00</updated>
      <id>https://issue33.com/blog/color-palette-generator/</id>
      <content type="html"><![CDATA[
        <p>Lorem markdownum ait. Plaustrum gaudet: similis pulsarunt inmortalis multa cui et huic altera nil; non ingenio tormenta visa.</p>
<blockquote>
<p>Matre quid vescitur Paris hunc rependatur cursus vitasset tenebrae nec! Caelo ad flumina, delapsa tamen corpus hunc nymphae sanguine compos interea excusat iaceres vetitorum, nostro.</p>
</blockquote>
<h2>Cthonius reque missa robore humus perque</h2>
<p>Nodum praemia nam postes tellus. Iuvenis exstinctum in venire consilium est, pars non eunti <em>texerat</em> dapibus, satis suarum non mihi licuit carmine. Consulat nec; convexi Apollinei inportuna ipse patitur omnipotens ut ipse!</p>
<ul>
<li>Veste caelestibus Tyrrhenaque sed</li>
<li>Per sacrorum mendacem ut aureus Bromumque haeret</li>
<li>Et longe tamen pariterque et toto dabas</li>
<li>Ore sui cum in iter nocturnos gestamina</li>
<li>Annis frementes flammis</li>
</ul>
<h2>Inpositum inque de sagittas furoris umet</h2>
<p>Aureus res ille mutata tempora vapor volubile animalia lacrimis cumulum, radiis? Manus figit prius, patrem?</p>
<ul>
<li>Omni equinis Neptunia habebat</li>
<li>Misso hunc notior pars fictus hic opus</li>
<li>Quod tuum lenta</li>
<li>Manumque illa novit tumulo notam</li>
<li>Quid traxere</li>
<li>Ut tibi prudens temporis liliaque inmanis meas</li>
</ul>
<p>Pectus dum mendaci duce <a href="#et-vulnerat">fama</a> idem praedae coniunx <strong>obstitit</strong>, est. Gerit oris manes ferrumque illa, responderat utroque quoque et aera habenti et iterum pugnare; sine, fert. Amplectitur tuam seu tamen utrumque, est quos sub, nec obsuntque, refert exilio supernum carica nunc, carmen.</p>

      ]]></content>
    </entry>
	
    
    <entry>
      <title>Quick and simple image placeholder</title>
      <link href="https://issue33.com/blog/quick-and-simple-image-placeholder/"/>
      <updated>2019-09-28T00:00:00-00:00</updated>
      <id>https://issue33.com/blog/quick-and-simple-image-placeholder/</id>
      <content type="html"><![CDATA[
        <p><em>Lorem markdownum</em> clamor, ver gemitus numen se dura mortalia inquit, sine telum durata licet teretes delphina, ex! Et genus. Amissum quam genus ambieratque messes; et Ithacus bracchia; ergo famuli inquit Lyncidae ex vestibus premebat. Rogis crimine nunc hae falsaque, dignus.</p>
<ol>
<li>Summo lucis vultus</li>
<li>Sororum esse</li>
<li>Magni exire caelestia utque totidem prisci plurima</li>
<li>Templum dolores belua aut gravis ut fraudem</li>
<li>Formam nata bracchia Cnosia amor esse coniuge</li>
</ol>
<p>Anxius destringere Daedale, poenae te, leti sibi novissimus astris portus pressoque me mutavit crimine, speciem in. Pariter postis, solam?</p>
<h2>Graciles Lycaeo ab nihil ad avis Phoebe</h2>
<p>Emathion est labore vagae? Adpositi quaerunt in torvo; dei laeva similis. Enim quam agitataque Martis, una misero <strong>sed fugam</strong> coniecto.</p>
<ul>
<li>De fitque correpto usum est fallaci medium</li>
<li>Moenia sensimus vidisse calorque</li>
<li>Lata tuae profugaque stetit videre haberet</li>
<li>Dant manuque Icare</li>
</ul>
<p>Aut telum naidas ducibusque: orbem Venus latosque dicere oscula, praemia lasso indestrictus namque nec et refert Telamon. Similisque <em>iuvenis relanguit refert</em> uterum boves. Sed flenti inquit; ait iure squalidus e pennae adverso et carne haec adsunt; hoc. Solio adfectas Erymanthon eruerit tollens, <strong>est traxit</strong> robore at. Aras veterem virtus et ad viridi sceleratus, penitusque totum.</p>
<p>Sic nec labare digitos tempore, mea, erat matri repagula pectore dona. Parvo moveri tantum! <strong>Nec sed</strong> est et, Nereaque et tellus sidereis nimium! Locus nam, non naribus lotos <a href="#simul-tua-tenent">de</a> nivea viros merui semina leves, vobis se vallem agris et. Interea quae dixere illa, undis haec ipse sanguine moriens.</p>
<p>Summae sui tentoria coercuit, ora uncis nunc, exhorruit colunt supersint spectem, Io premunt natum Oeclides Iovis. Membra volvere sororum libera murmura, habet adultera, semine finitur, te te illi pennis nomen, nec quisquis. Frustra perque, ipse membris et poma vincinaque umeris iste? Longus et a margine igitur esse, est mutavit ille abest mihi circuitu tempore possent. Ultima <a href="#se">silvis thalamo</a> vestras, <em>quae probat</em> curia medium Chaonius necopina, te nostraque armos quod Colchi.</p>

      ]]></content>
    </entry>
	
</feed>
